{"cameraMode":{"drawMode":0,"name":"Shaded","section":"Shading Mode"},"sceneLighting":true,"audioPlay":false,"sceneViewState":{"showFog":true,"showMaterialUpdate":false,"showSkybox":true,"showFlares":true,"showImageEffects":true,"showParticleSystems":true,"showVisualEffectGraphs":true,"m_FxEnabled":true},"in2DMode":false,"pivot":{"x":11.53231430053711,"y":0.09996451437473297,"z":-2.4959163665771486},"rotation":{"x":0.017897367477416993,"y":-0.892979085445404,"z":0.03564684838056564,"w":0.44833120703697207},"size":5.966026306152344,"orthographic":false}